region_id,emoji,region_name,continent_id,continent_name,subcontinent,country_code,type,capital,population_estimate,have_visited,country_order,times_visited,first_visit,last_visit,have_turtle,video_link,travel_link
1,🇨🇦,Canada,1001,North America,Northern America,ca,UN country,Ottawa,38954600,1,2,12,2004,2023,0,https://youtu.be/SxhUsPBFPkU?si=gPEsV0-RF7o2OFt_,https://travel.state.gov/content/travel/en/international-travel/International-Travel-Country-Information-Pages/Canada.html
2,🇺🇸,United States,1001,North America,Northern America,us,UN country,"Washington, D.C.",335893238,1,1,99,1996,2024,0,https://youtu.be/Xp_TGilL9Sk?si=i5nB9twR0SB-15QJ,""
3,🇲🇽,Mexico,1001,North America,Northern America,mx,UN country,Mexico City,129406736,1,9,1,2018,2018,1,https://youtu.be/Kxy74EAjAec?si=YAGt-L4_U_CYeUtv,"https://travel.state.gov/content/travel/en/international-travel/International-Travel-Country-Information-Pages/Mexico.html, https://www.gov.uk/foreign-travel-advice/mexico"
4,🇧🇿,Belize,1001,North America,Central America,bz,UN country,Belmopan,441471,0,0,0,"","",0,https://youtu.be/3MrYk3kCUGk?si=vpq79482zW9xoPxC,https://travel.state.gov/content/travel/en/international-travel/International-Travel-Country-Information-Pages/Belize.html
5,🇬🇹,Guatemala,1001,North America,Central America,gt,UN country,Guatemala City,17602431,0,0,0,"","",0,https://youtu.be/L1TSpYN0MBg?si=l2Ha6uwvkGjVkGAi,https://travel.state.gov/content/travel/en/international-travel/International-Travel-Country-Information-Pages/Guatemala.html
6,🇭🇳,Honduras,1001,North America,Central America,hn,UN country,Tegucigalpa/Comayagüela,9745149,0,0,0,"","",0,https://youtu.be/ND8PduJlN6A?si=9sDC1p5gC7vhs5-5,https://travel.state.gov/content/travel/en/international-travel/International-Travel-Country-Information-Pages/Honduras.html
7,🇸🇻,El Salvador,1001,North America,Central America,sv,UN country,San Salvador,6884888,0,0,0,"","",0,https://youtu.be/-t5uzY77zwA?si=tax1vrzvBGcg9Due,https://travel.state.gov/content/travel/en/international-travel/International-Travel-Country-Information-Pages/ElSalvador.html
8,🇳🇮,Nicaragua,1001,North America,Central America,ni,UN country,Managua,6733763,0,0,0,"","",0,https://youtu.be/rr65vnslEZ0?si=IbMwyjjLSsm_n_bO,https://travel.state.gov/content/travel/en/international-travel/International-Travel-Country-Information-Pages/Nicaragua.html
9,🇨🇷,Costa Rica,1001,North America,Central America,cr,UN country,San José,5262225,0,0,0,"","",0,https://youtu.be/DaBEGru_IEc?si=eqGep8VhggIitI65,https://travel.state.gov/content/travel/en/international-travel/International-Travel-Country-Information-Pages/CostaRica.html
10,🇵🇦,Panama,1001,North America,Central America,pa,UN country,Panama City,4337406,0,0,0,"","",0,https://youtu.be/P722VC7b9iM?si=e91Ada6uTAFvstQM,https://travel.state.gov/content/travel/en/international-travel/International-Travel-Country-Information-Pages/Panama.html
11,🇧🇸,Bahamas,1001,North America,Caribbean,bs,UN country,Nassau,397360,1,3,1,2005,2005,0,https://youtu.be/J9aV4Zn8JJE?si=DglwVotIL4xYl5eZ,https://travel.state.gov/content/travel/en/international-travel/International-Travel-Country-Information-Pages/Bahamas.html
12,🇨🇺,Cuba,1001,North America,Caribbean,cu,UN country,Havana,11089511,0,0,0,"","",0,https://youtu.be/iQnhoYc2QTg?si=27jtrmJ7hbiRcMq5,https://travel.state.gov/content/travel/en/international-travel/International-Travel-Country-Information-Pages/Cuba.html
13,🇨🇴🇨🇴🇨🇴,San Andrés and Providencia (CO),1001,North America,Caribbean,sap,External subregion,San Andrés,61898,0,"",0,"","",0,https://youtu.be/hW-RSfg972g?si=5OFZ_p2xQBjGvxzB,""
14,🇰🇾🇬🇧🇬🇧,Cayman Islands (UK),1001,North America,Caribbean,ky,External subregion,George Town,71105,0,"",0,"","",0,https://youtu.be/XkFeBmvqLTw?si=BXqf60Dv9g28cLZq,https://travel.state.gov/content/travel/en/international-travel/International-Travel-Country-Information-Pages/CaymanIslands.html
15,🇯🇲,Jamaica,1001,North America,Caribbean,jm,UN country,Kingston,2825544,1,4,2,2013,2014,0,https://youtu.be/LaLumU4pSf8?si=cqfaekJe-dIGK5Hu,https://travel.state.gov/content/travel/en/international-travel/International-Travel-Country-Information-Pages/Jamaica.html
16,🇹🇨🇬🇧🇬🇧,Turks and Caicos (UK),1001,North America,Caribbean,tc,External subregion,Cockburn Town,46131,0,"",0,"","",0,https://youtu.be/-lbjRhqMo4g?si=PZjWVgZCmvhVTNly,https://travel.state.gov/content/travel/en/international-travel/International-Travel-Country-Information-Pages/TurksandCaicosIslands.html
17,🇭🇹,Haiti,1001,North America,Caribbean,ht,UN country,Port-au-Prince,11743017,0,0,0,"","",0,https://youtu.be/O0G9a2Kn6-Q?si=orWityqXVEG7owu_,"https://travel.state.gov/content/travel/en/international-travel/International-Travel-Country-Information-Pages/Haiti.html, https://www.gov.uk/foreign-travel-advice/haiti"
18,🇩🇴,Dominican Republic,1001,North America,Caribbean,do,UN country,Santo Domingo,10760028,0,0,0,"","",0,https://youtu.be/dQv3t5VCc3U?si=-hjJhp2hKCwiJoxa,https://travel.state.gov/content/travel/en/international-travel/International-Travel-Country-Information-Pages/DominicanRepublic.html
19,🇵🇷🇺🇸🇺🇸,Puerto Rico (US),1001,North America,Caribbean,pr,External subregion,San Juan,3205691,1,"",1,2023,2023,0,https://www.youtube.com/watch?v=NUOjIZp5424,""
20,🇻🇮🇺🇸🇺🇸,US Virgin Islands (US),1001,North America,Caribbean,vi,External subregion,Charlotte Amalie,87146,0,"",0,"","",0,https://youtu.be/YVy7UkxzxEA?si=VyPsaZndbjpVNHzM,""
21,🇻🇬🇬🇧🇬🇧,British Virgin Islands (UK),1001,North America,Caribbean,vg,External subregion,Road Town,31538,0,"",0,"","",0,https://youtu.be/Anep2LKaP8A?si=Ju6XHBgXYp4B8vbh,https://travel.state.gov/content/travel/en/international-travel/International-Travel-Country-Information-Pages/BritishVirginIslands.html
22,🇦🇮🇬🇧🇬🇧,Anguilla (UK),1001,North America,Caribbean,ai,External subregion,The Valley,15701,0,"",0,"","",0,https://youtu.be/zU8CWzFWWTY?si=pCqF0UdyrEg8DWMY,https://travel.state.gov/content/travel/en/international-travel/International-Travel-Country-Information-Pages/Anguilla.html
23,🇫🇷🇫🇷🇫🇷,Saint Martin (FR),1001,North America,Caribbean,mf,External subregion,Marigot,32358,0,"",0,"","",0,https://youtu.be/7FwYTIJc9QY?si=IpCzkuW3ix_KKGTz,https://travel.state.gov/content/travel/en/international-travel/International-Travel-Country-Information-Pages/FrenchWestIndies.html.html?wcmmode=disabled
24,🇸🇽🇳🇱,Sint Maarten (NL),1001,North America,Caribbean,sx,De facto autonomy,Philipsburg,42938,0,"",0,"","",0,https://youtu.be/PbY5_udWMvE?si=dC5_2k-9KdQaezdX,https://travel.state.gov/content/travel/en/international-travel/International-Travel-Country-Information-Pages/SintMaarten.html
25,🇧🇱🇫🇷,Saint Barthélemy (FR),1001,North America,Caribbean,bl,De facto autonomy,Gustavia,10585,0,"",0,"","",0,https://youtu.be/kczhBB2pfms?si=7tELGtVFgICF23V9,https://travel.state.gov/content/travel/en/international-travel/International-Travel-Country-Information-Pages/FrenchWestIndies.html.html?wcmmode=disabled
26,🇳🇱🇳🇱🇳🇱,Saba (NL),1001,North America,Caribbean,sab,External subregion,The Bottom,2035,0,"",0,"","",0,https://youtu.be/z90cGdK3T0E?si=AhG3oNK9Csy-cYXY,https://travel.state.gov/content/travel/en/international-travel/International-Travel-Country-Information-Pages/BonaireSintEustatiusandSaba.html
27,🇳🇱🇳🇱🇳🇱,Sint Eustatius (NL),1001,North America,Caribbean,seu,External subregion,Oranjestad,3293,0,"",0,"","",0,https://youtu.be/MJCIx2ptKa0?si=ci36jti0LJV48WVA,https://travel.state.gov/content/travel/en/international-travel/International-Travel-Country-Information-Pages/BonaireSintEustatiusandSaba.html
28,🇰🇳,St Kitts and Nevis,1001,North America,Caribbean,kn,UN country,Basseterre,47195,0,0,0,"","",0,https://youtu.be/y5FPRLgQ41Q?si=19BXcWWEonlqtkko,https://travel.state.gov/content/travel/en/international-travel/International-Travel-Country-Information-Pages/SaintKittsandNevis.html
29,🇦🇬,Antigua and Barbuda,1001,North America,Caribbean,ag,UN country,St. John's,100772,0,0,0,"","",0,https://youtu.be/5OpiUD3qtY8?si=iCVS_H3a5zQpfZNq,https://travel.state.gov/content/travel/en/international-travel/International-Travel-Country-Information-Pages/AntiguaandBarbuda.html
30,🇲🇸🇬🇧🇬🇧,Montserrat (UK),1001,North America,Caribbean,ms,External subregion,Plymouth/Brades/Little Bay,4433,0,"",0,"","",0,https://youtu.be/Da_dU1KikNc?si=H2zWLyb17kPLFXR0,https://travel.state.gov/content/travel/en/international-travel/International-Travel-Country-Information-Pages/Montserrat.html
31,🇬🇵🇫🇷🇫🇷,Guadeloupe (FR),1001,North America,Caribbean,gp,External subregion,Basse-Terre,691931,0,"",0,"","",0,https://youtu.be/2psykRCagVc?si=39yyK0gHHxgyQcuO,https://travel.state.gov/content/travel/en/international-travel/International-Travel-Country-Information-Pages/FrenchWestIndies.html.html?wcmmode=disabled
32,🇩🇲,Dominica,1001,North America,Caribbean,dm,UN country,Roseau,67408,0,0,0,"","",0,https://youtu.be/OGaML8Gg8JQ?si=avkid_nTSr-lWqyA,https://travel.state.gov/content/travel/en/international-travel/International-Travel-Country-Information-Pages/Dominica.html
33,🇲🇶🇫🇷🇫🇷,Martinique (FR),1001,North America,Caribbean,mq,External subregion,Fort-de-France,360749,0,"",0,"","",0,https://youtu.be/7o_XA3n-dRk?si=Xc6WKNG-Q8UFFWUB,https://travel.state.gov/content/travel/en/international-travel/International-Travel-Country-Information-Pages/FrenchWestIndies.html.html?wcmmode=disabled
34,🇱🇨,St Lucia,1001,North America,Caribbean,lc,UN country,Castries,178696,0,0,0,"","",0,https://youtu.be/x8SLZvHOBvI?si=4z_kc845-NNF7lwU,https://travel.state.gov/content/travel/en/international-travel/International-Travel-Country-Information-Pages/SaintLucia.html
35,🇻🇨,St Vincent and the Grenadines,1001,North America,Caribbean,vc,UN country,Kingstown,110872,0,0,0,"","",0,https://youtu.be/E5DV8mD9_eQ?si=IjhQTDqc-CjSlTn6,https://travel.state.gov/content/travel/en/international-travel/International-Travel-Country-Information-Pages/SaintVincentandtheGrenadines.html
36,🇧🇧,Barbados,1001,North America,Caribbean,bb,UN country,Bridgetown,267800,0,0,0,"","",0,https://youtu.be/uvA3DUJCxpY?si=lcKIINgm6MYF5FDS,https://travel.state.gov/content/travel/en/international-travel/International-Travel-Country-Information-Pages/Barbados.html
37,🇬🇩,Grenada,1001,North America,Caribbean,gd,UN country,St. George's,112579,0,0,0,"","",0,https://youtu.be/fHZ_cVHPRmM?si=lAp2X_HWF10b6rpV,https://travel.state.gov/content/travel/en/international-travel/International-Travel-Country-Information-Pages/Grenada.html
38,🇹🇹,Trinidad and Tobago,1001,North America,Caribbean,tt,UN country,Port of Spain,1365805,0,0,0,"","",0,https://youtu.be/fHZ_cVHPRmM?si=lAp2X_HWF10b6rpV,https://travel.state.gov/content/travel/en/international-travel/International-Travel-Country-Information-Pages/TrinidadandTobago.html
39,🇧🇶🇳🇱🇳🇱,Bonaire (NL),1001,North America,Caribbean,bq,External subregion,Kralendijk,24090,0,"",0,"","",0,https://youtu.be/og-3ZMjv1fI?si=_ge6uwswQs4gNnoi,https://travel.state.gov/content/travel/en/international-travel/International-Travel-Country-Information-Pages/BonaireSintEustatiusandSaba.html
40,🇨🇼🇳🇱,Curaçao (NL),1001,North America,Caribbean,cw,De facto autonomy,Willemstad,148925,0,"",0,"","",0,https://youtu.be/lfXxwC0jE3E?si=YTMRhsP345mCw4R2,https://travel.state.gov/content/travel/en/international-travel/International-Travel-Country-Information-Pages/Curacao.html
41,🇦🇼🇳🇱,Aruba (NL),1001,North America,Caribbean,aw,De facto autonomy,Oranjestad,106739,0,"",0,"","",0,https://youtu.be/UQsB1lLxIYM?si=2Tbj6zqpMHmoY0hu,https://travel.state.gov/content/travel/en/international-travel/International-Travel-Country-Information-Pages/Aruba.html
42,🇵🇲🇫🇷🇫🇷,Saint Pierre and Miquelon (FR),1001,North America,North Atlantic,pm,External subregion,St. Pierre,6092,0,"",0,"","",0,https://youtu.be/UcuK3O_dtv8?si=4F6O6nhigssj8uB7,https://www.gov.uk/foreign-travel-advice/st-pierre-and-miquelon
43,🇧🇲🇬🇧🇬🇧,Bermuda (UK),1001,North America,North Atlantic,bm,External subregion,Hamilton,64055,0,"",0,"","",0,https://youtu.be/2wX4I66Y6xs?si=DzvDH5iG2X19OyEk,https://travel.state.gov/content/travel/en/international-travel/International-Travel-Country-Information-Pages/Bermuda.html
44,🇬🇱🇩🇰,Greenland (DK),1001,North America,North Atlantic,gl,De facto autonomy,Nuuk,56865,0,"",0,"","",0,https://youtu.be/USfQ8BF7sWs?si=o90MMOd89r2lFjLY,""
45,🇮🇸,Iceland,1002,Europe,Northern Europe,is,UN country,Reykjavík,396960,0,0,0,"","",0,https://youtu.be/ocE9DNZxPUk?si=8KQcWvHk3HJp8ghh,https://travel.state.gov/content/travel/en/international-travel/International-Travel-Country-Information-Pages/Iceland.html
46,🇫🇴🇩🇰,Faroe Islands (DK),1002,Europe,Northern Europe,fo,De facto autonomy,Tórshavn,54738,0,0,0,"","",0,https://youtu.be/qsi5znYRMig?si=pLspdTsz0u_JN4hf,""
47,🇮🇪,Ireland,1002,Europe,Northern Europe,ie,UN country,Dublin,5281600,1,5,1,2015,2015,1,https://youtu.be/yWZiO7YNoPQ?si=ETcnrQiWqkNq_3Bz,https://travel.state.gov/content/travel/en/international-travel/International-Travel-Country-Information-Pages/Ireland.html
48,🇮🇲🇬🇧,Isle of Man (UK),1002,Europe,Northern Europe,im,De facto autonomy,Douglas,84069,0,0,0,"","",0,https://youtu.be/dsY43BWH5lc?si=xXJBhxu4M8eyzv56,""
49,🇬🇧,United Kingdom,1002,Europe,Northern Europe,uk,UN country,London,67026292,0,0,0,"","",0,https://youtu.be/_uL3a3aMdMQ?si=Qjif0ZoruYdxZy3B,https://travel.state.gov/content/travel/en/international-travel/International-Travel-Country-Information-Pages/UnitedKingdom.html
50,🇵🇹,Portugal,1002,Europe,Southern Europe,pt,UN country,Lisbon,10467366,0,0,0,"","",0,https://youtu.be/mq6L8CnNJXc?si=5hU8buN1DkLgilq3,https://travel.state.gov/content/travel/en/international-travel/International-Travel-Country-Information-Pages/Portugal.html
51,🇪🇸,Spain,1002,Europe,Southern Europe,es,UN country,Madrid,48345223,1,7,1,2018,2018,1,https://youtu.be/swiiVM64g6Y?si=PmEApsFXdageYCAb,https://travel.state.gov/content/travel/en/international-travel/International-Travel-Country-Information-Pages/Spain.html
52,🇬🇮🇬🇧🇬🇧,Gibralter (UK),1002,Europe,Southern Europe,gi,External subregion,Gibralter,34003,0,0,0,"","",0,https://youtu.be/QwD-PQNYkfs?si=awfHb-ZGx5TUTCdF,https://www.gov.uk/foreign-travel-advice/gibraltar
53,🇦🇩,Andorra,1002,Europe,Southern Europe,ad,UN country,Andorra la Vella,83523,0,0,0,"","",0,https://youtu.be/POOvmkhlUD4?si=iw6lpHlne-WAdYNX,https://travel.state.gov/content/travel/en/international-travel/International-Travel-Country-Information-Pages/Andorra.html
54,🇬🇬🇬🇧,Guernsey (UK),1002,Europe,Northern Europe,gg,De facto autonomy,St. Peter Port,64234,0,0,0,"","",0,https://youtu.be/fPdBNp4LHKE?si=Bkf-e45VZUyhdSJ4,""
55,🇯🇪🇬🇧,Jersey (UK),1002,Europe,Northern Europe,je,De facto autonomy,St. Helier,103267,0,0,0,"","",0,https://youtu.be/yVRIt4PS_F4?si=AWqi7k6PSAD1RaNW,""
56,🇫🇷,France,1002,Europe,Western Europe,fr,UN country,Paris,68221000,1,8,1,2018,2018,1,https://youtu.be/g0QrBphsioM?si=3TBxSuxLK2Jhzx3g,https://travel.state.gov/content/travel/en/international-travel/International-Travel-Country-Information-Pages/France.html
57,🇳🇱,Netherlands,1002,Europe,Western Europe,nl,UN country,Amsterdam/The Hague,17590000,0,0,0,"","",0,https://youtu.be/f4TmQEZzsec?si=_1r8pppPbi5r_Edu,https://travel.state.gov/content/travel/en/international-travel/International-Travel-Country-Information-Pages/Netherlands.html
58,🇧🇪,Belgium,1002,Europe,Western Europe,be,UN country,Brussels,11801722,0,0,0,"","",0,https://youtu.be/0TuMvWCbM-g?si=TWW8KRtke4oWq_IE,https://travel.state.gov/content/travel/en/international-travel/International-Travel-Country-Information-Pages/Belgium.html
59,🇱🇺,Luxembourg,1002,Europe,Western Europe,lu,UN country,Luxembourg,660809,0,0,0,"","",0,https://youtu.be/Bw8g_1VEEL8?si=Z-XqXW9yhPe2jTac,https://travel.state.gov/content/travel/en/international-travel/International-Travel-Country-Information-Pages/Luxembourg.html
60,🇩🇪,Germany,1002,Europe,Western Europe,de,UN country,Berlin,84607016,0,0,0,"","",0,https://youtu.be/wuClZjOdT30?si=EUJuW24Iu0y3dr89,https://travel.state.gov/content/travel/en/international-travel/International-Travel-Country-Information-Pages/Germany.html
61,🇩🇰,Denmark,1002,Europe,Northern Europe,dk,UN country,Copenhagen,5959464,0,0,0,"","",0,https://youtu.be/Hp0-YP3lADk?si=suC593Rnq08PxrON,https://travel.state.gov/content/travel/en/international-travel/International-Travel-Country-Information-Pages/Denmark.html
62,🇳🇴,Norway,1002,Europe,Northern Europe,no,UN country,Oslo,5533582,0,0,0,"","",0,https://youtu.be/bAGhXcYc0o4?si=uka9Ruue42OrGjCE,https://travel.state.gov/content/travel/en/international-travel/International-Travel-Country-Information-Pages/Norway.html
63,🇸🇪,Sweden,1002,Europe,Northern Europe,se,UN country,Stockholm,10558012,0,0,0,"","",0,https://youtu.be/pJuq8D1NGJQ?si=7O08httsNgsmT7Qp,https://travel.state.gov/content/travel/en/international-travel/International-Travel-Country-Information-Pages/Sweden.html
64,🇦🇽🇫🇮,Åland (FI),1002,Europe,Northern Europe,ax,De facto autonomy,Mariehamn,30530,0,0,0,"","",0,https://youtu.be/J-kCdl1w8t8?si=HUqCf6Fh5JEmcPjq,""
65,🇨🇭,Switzerland,1002,Europe,Western Europe,ch,UN country,Bern,8931306,0,0,0,"","",0,https://youtu.be/xY77dfvTVpA?si=xkc4vbdNvdlNWKn8,https://travel.state.gov/content/travel/en/international-travel/International-Travel-Country-Information-Pages/Switzerland.html
66,🇲🇨,Monaco,1002,Europe,Western Europe,mc,UN country,Monaco,39050,0,0,0,"","",0,https://youtu.be/gZ38gYvhiZA?si=AHMsW9kUWJqA2wF9,https://travel.state.gov/content/travel/en/international-travel/International-Travel-Country-Information-Pages/France.html.html?wcmmode=disabled
67,🇮🇹,Italy,1002,Europe,Southern Europe,it,UN country,Rome,58776233,1,11,1,2019,2019,1,https://youtu.be/G_KMybIvv4c?si=MwqRhZ2qjBfITcEO,https://travel.state.gov/content/travel/en/international-travel/International-Travel-Country-Information-Pages/Italy.html
68,🇻🇦,Vatican City,1002,Europe,Southern Europe,va,UN country,Vatican City,764,1,12,1,2019,2019,1,https://youtu.be/OPHRIjI3hXs?si=nQDni1Dbench_O3j,https://travel.state.gov/content/travel/en/international-travel/International-Travel-Country-Information-Pages/Italy.html
69,🇸🇲,San Marino,1002,Europe,Southern Europe,sm,UN country,San Marino,33889,1,13,1,2019,2019,1,https://youtu.be/SU4W_tIFbTc?si=iHIomNXNMagErfTG,https://travel.state.gov/content/travel/en/international-travel/International-Travel-Country-Information-Pages/Italy.html
70,🇲🇹,Malta,1002,Europe,Southern Europe,mt,UN country,Valletta,519562,0,0,0,"","",0,https://youtu.be/Qee_dxMvids?si=anI5GYYV5rftENv9,https://travel.state.gov/content/travel/en/international-travel/International-Travel-Country-Information-Pages/Malta.html
71,🇱🇮,Liechtenstein,1002,Europe,Western Europe,li,UN country,Vaduz,39724,0,0,0,"","",0,https://youtu.be/rTiLTnWM7vQ?si=dE8dUMLjz7VoGomI,https://travel.state.gov/content/travel/en/international-travel/International-Travel-Country-Information-Pages/Liechtenstein.html
72,🇦🇹,Austria,1002,Europe,Western Europe,at,UN country,Vienna,9154514,0,0,0,"","",0,https://youtu.be/hKsGmyhsKFA?si=D7Qvw5VtcZu7LA9Z,https://travel.state.gov/content/travel/en/international-travel/International-Travel-Country-Information-Pages/Austria.html
73,🇭🇺,Hungary,1002,Europe,Central Europe,hu,UN country,Budapest,9597085,0,0,0,"","",0,https://youtu.be/omx66rFK5yM?si=dQiR_cpYCyx3Otcv,https://travel.state.gov/content/travel/en/international-travel/International-Travel-Country-Information-Pages/Hungary.html
74,🇨🇿,Czechia,1002,Europe,Central Europe,cz,UN country,Prague,10882235,0,0,0,"","",0,https://youtu.be/-kaF6SnSEo8?si=Myh38iRmD57Sz-iE,https://travel.state.gov/content/travel/en/international-travel/International-Travel-Country-Information-Pages/CzechRepublic.html
75,🇸🇰,Slovakia,1002,Europe,Central Europe,sk,UN country,Bratislava,5426468,0,0,0,"","",0,https://youtu.be/OAcbasjxljY?si=NLL0ajzQ2cGshtJM,https://travel.state.gov/content/travel/en/international-travel/International-Travel-Country-Information-Pages/Slovakia.html
76,🇵🇱,Poland,1002,Europe,Central Europe,pl,UN country,Warsaw,37667000,0,0,0,"","",0,https://youtu.be/Hn8XXPl1vjU?si=IvG8EHglOtGj8e3B,https://travel.state.gov/content/travel/en/international-travel/International-Travel-Country-Information-Pages/Poland.html
77,🇸🇮,Slovenia,1002,Europe,Central Europe,si,UN country,Ljubljana,2120937,0,0,0,"","",0,https://youtu.be/k2MOfVOUU78?si=YVpeDQEHNzc9ly8L,https://travel.state.gov/content/travel/en/international-travel/International-Travel-Country-Information-Pages/Slovenia.html
78,🇭🇷,Croatia,1002,Europe,Balkans,hr,UN country,Zagreb,3855641,0,0,0,"","",0,https://youtu.be/Ok5LmqoromI?si=RWLgP5WgJHCHDsm2,https://travel.state.gov/content/travel/en/international-travel/International-Travel-Country-Information-Pages/Croatia.html
79,🇧🇦,Bosnia and Herzegovina,1002,Europe,Balkans,ba,UN country,Sarajevo,3277082,0,0,0,"","",0,https://youtu.be/KO0rEwwyB0g?si=_opQjkspw-VZNJlL,https://travel.state.gov/content/travel/en/international-travel/International-Travel-Country-Information-Pages/BosniaandHerzegovina.html
80,🇲🇪,Montenegro,1002,Europe,Balkans,me,UN country,Podgorica,616695,0,0,0,"","",0,https://youtu.be/uBjUOtlnm5Y?si=0N3I3KPiCoZ8ZM2M,https://travel.state.gov/content/travel/en/international-travel/International-Travel-Country-Information-Pages/Montenegro.html
81,🇷🇸,Serbia,1002,Europe,Balkans,rs,UN country,Belgrade,6641197,0,0,0,"","",0,https://youtu.be/1pxrIj9Xyps?si=W30jCMFzNBgTAScL,https://travel.state.gov/content/travel/en/international-travel/International-Travel-Country-Information-Pages/Serbia.html
82,🇽🇰,Kosovo,1002,Europe,Balkans,kos,UN country,Pristina,1762220,0,0,0,"","",0,https://youtu.be/sWt1cfUXYg0?si=lee3m4Zsrg0fBLea,https://travel.state.gov/content/travel/en/international-travel/International-Travel-Country-Information-Pages/Kosovo.html
83,🇦🇱,Albania,1002,Europe,Balkans,al,UN country,Tirana,2761785,0,0,0,"","",0,https://youtu.be/9WZ06pTuqV0?si=L1Ucpo5g1-qbCnYB,https://travel.state.gov/content/travel/en/international-travel/International-Travel-Country-Information-Pages/Albania.html
84,🇲🇰,North Macedonia,1002,Europe,Balkans,mk,UN country,Skopje,1832696,0,0,0,"","",0,https://youtu.be/hoBQRhNbreI?si=IGCmvieBzIEke2mj,https://travel.state.gov/content/travel/en/international-travel/International-Travel-Country-Information-Pages/Macedonia.html
85,🇬🇷,Greece,1002,Europe,Southern Europe,gr,UN country,Athens,10413982,1,10,1,2019,2019,1,https://youtu.be/Cp3yabqF4Uw?si=3WLi1Bk76BUpsBdT,https://travel.state.gov/content/travel/en/international-travel/International-Travel-Country-Information-Pages/Greece.html
86,🇨🇾,Cyprus,1002,Europe,Southern Europe,cy,UN country,Nicosia,918100,0,0,0,"","",0,https://youtu.be/4w_Vc_7irhM?si=7OFjJE8TQAgFiAOz,https://travel.state.gov/content/travel/en/international-travel/International-Travel-Country-Information-Pages/Cyprus.html
87,🇨🇾🇨🇾,Northern Cyprus,1002,Europe,Southern Europe,ncy,De facto autonomy,Nicosia,382836,0,0,0,"","",0,https://youtu.be/N0H_XVZE01A?si=B-8-WqaIWUnEwUBU,https://travel.state.gov/content/travel/en/international-travel/International-Travel-Country-Information-Pages/Cyprus.html
88,🇧🇬,Bulgaria,1002,Europe,Balkans,bg,UN country,Sofia,6447710,0,0,0,"","",0,https://youtu.be/SlVmp7zBbKU?si=O8wW3utgsnqzGJlV,https://travel.state.gov/content/travel/en/international-travel/International-Travel-Country-Information-Pages/Bulgaria.html
89,🇷🇴,Romania,1002,Europe,Eastern Europe,ro,UN country,Bucharest,19051562,0,0,0,"","",0,https://youtu.be/ZRMbh0wSly0?si=QwOayKpMNVn3nUHQ,https://travel.state.gov/content/travel/en/international-travel/International-Travel-Country-Information-Pages/Romania.html
90,🇲🇩,Moldova,1002,Europe,Eastern Europe,md,UN country,Chișinău,2512758,0,0,0,"","",0,https://youtu.be/cARe_1cRj6E?si=0gIRLSP-BMLq3bEU,"https://travel.state.gov/content/travel/en/international-travel/International-Travel-Country-Information-Pages/Moldova.html, https://www.gov.uk/foreign-travel-advice/moldova"
91,🇲🇩🇲🇩,Transnistria,1002,Europe,Eastern Europe,tra,De facto autonomy,Tiraspol,360938,0,0,0,"","",0,https://youtu.be/E3EA6p0Qje0?si=Uh075LI53e4nzvJU,"https://travel.state.gov/content/travel/en/international-travel/International-Travel-Country-Information-Pages/Moldova.html, https://www.gov.uk/foreign-travel-advice/moldova"
92,🇺🇦,Ukraine,1002,Europe,Eastern Europe,ua,UN country,Kiev,41130432,0,0,0,"","",0,https://youtu.be/cnKU_osbg3s?si=dv3t83p-y72tN52X,"https://travel.state.gov/content/travel/en/international-travel/International-Travel-Country-Information-Pages/Ukraine.html, https://www.gov.uk/foreign-travel-advice/ukraine"
93,🇧🇾,Belarus,1002,Europe,Eastern Europe,by,UN country,Minsk,9200617,0,0,0,"","",0,https://youtu.be/nASqSOtXkhk?si=yeovm4BZ08dRctGz,"https://travel.state.gov/content/travel/en/international-travel/International-Travel-Country-Information-Pages/Belarus.html, https://www.gov.uk/foreign-travel-advice/belarus"
94,🇱🇹,Lithuania,1002,Europe,Baltics,lt,UN country,Vilnius,2869660,0,0,0,"","",0,https://youtu.be/9Yxwjy4pvsM?si=MgRtBHqBkDL2SIy3,https://travel.state.gov/content/travel/en/international-travel/International-Travel-Country-Information-Pages/Lithuania.html
95,🇱🇻,Latvia,1002,Europe,Baltics,lv,UN country,Riga,1874700,0,0,0,"","",0,https://youtu.be/3_kocBCsIbk?si=-NZYRhUHwE4fK56V,https://travel.state.gov/content/travel/en/international-travel/International-Travel-Country-Information-Pages/Latvia.html
96,🇪🇪,Estonia,1002,Europe,Baltics,ee,UN country,Tallinn,1365884,0,0,0,"","",0,https://youtu.be/1TTPq38LyPU?si=QR1WxqoXCdAU4iXh,https://travel.state.gov/content/travel/en/international-travel/International-Travel-Country-Information-Pages/Estonia.html
97,🇫🇮,Finland,1002,Europe,Northern Europe,fi,UN country,Helsinki,5572545,0,0,0,"","",0,https://youtu.be/DxxZOsfsIUM?si=ae130nqSpTxnIF3s,https://travel.state.gov/content/travel/en/international-travel/International-Travel-Country-Information-Pages/Finland.html
98,🇳🇴🇳🇴🇳🇴,Svalbard (NO),1002,Europe,Northern Europe,sj,External subregion,Longyearbyen,300,0,0,0,"","",0,https://youtu.be/bugjz20ya_g?si=-zgZzZvwdhcjmzBB,""
99,🇷🇺,Russia,1002,Europe,Eastern Europe,ru,UN country,Moscow,146424729,0,0,0,"","",0,https://youtu.be/K8zAbdYx9SU?si=XE9ytbQFb1vEp-Y1,"https://travel.state.gov/content/travel/en/international-travel/International-Travel-Country-Information-Pages/RussianFederation.html, https://www.gov.uk/foreign-travel-advice/russia"
100,🇹🇷,Türkiye,1003,Asia,Anatolia,tr,UN country,Ankara,85279553,0,0,0,"","",0,https://youtu.be/BzMYQIo-0NA?si=KVGk_i34f-5GVYnv,"https://travel.state.gov/content/travel/en/international-travel/International-Travel-Country-Information-Pages/Turkey.html, https://www.gov.uk/foreign-travel-advice/turkey"
101,🇬🇪,Georgia,1003,Asia,Caucasus,ge,UN country,Tbilisi,3736400,0,0,0,"","",0,https://youtu.be/YWXvDxovfM4?si=fQ2Hi2vQrLg7ybXN,"https://travel.state.gov/content/travel/en/international-travel/International-Travel-Country-Information-Pages/Georgia.html, https://www.gov.uk/foreign-travel-advice/georgia"
102,🇬🇪🇬🇪,Abkhazia,1003,Asia,Caucasus,abk,De facto autonomy,Sukhumi,244236,0,0,0,"","",0,https://youtu.be/4B7KIng180o?si=bfewrPb3rj9hsikE,https://www.gov.uk/foreign-travel-advice/georgia
103,🇬🇪🇬🇪,South Ossetia,1003,Asia,Caucasus,sos,De facto autonomy,Tskhinvali,56520,0,0,0,"","",0,https://youtu.be/haqL4kq8bTM?si=18q7J5fYFTIRIqEK,https://www.gov.uk/foreign-travel-advice/georgia
104,🇦🇲,Armenia,1003,Asia,Caucasus,am,UN country,Yerevan,2981200,0,0,0,"","",0,https://youtu.be/sL4JK_bDo0A?si=7X2LScC3ok3pKWJI,"https://travel.state.gov/content/travel/en/international-travel/International-Travel-Country-Information-Pages/Armenia.html, https://www.gov.uk/foreign-travel-advice/armenia"
105,🇦🇿,Azerbaijan,1003,Asia,Caucasus,az,UN country,Baku,10151517,0,0,0,"","",0,https://youtu.be/DqVPVRmRIU8?si=r0mC9r7wbSRseVf5,"https://travel.state.gov/content/travel/en/international-travel/International-Travel-Country-Information-Pages/Azerbaijan.html, https://www.gov.uk/foreign-travel-advice/azerbaijan"
106,🇮🇷,Iran,1003,Asia,Middle East,ir,UN country,Tehran,84038000,0,0,0,"","",0,https://youtu.be/2xQM4Zy5zIk?si=IIKBjmlRCT8k5gFB,"https://travel.state.gov/content/travel/en/international-travel/International-Travel-Country-Information-Pages/Iran.html, https://www.gov.uk/foreign-travel-advice/iran"
107,🇮🇶,Iraq,1003,Asia,Middle East,iq,UN country,Baghdad,43324000,0,0,0,"","",0,https://youtu.be/YHQqsx9wsnc?si=6jHmLy4uP3dDGmwP,"https://travel.state.gov/content/travel/en/international-travel/International-Travel-Country-Information-Pages/Iraq.html, https://www.gov.uk/foreign-travel-advice/iraq"
108,🇸🇾,Syria,1003,Asia,Middle East,sy,UN country,Damascus,22923000,0,0,0,"","",0,https://youtu.be/8uKxaVhIte0?si=5HFiRBgmx5nqJLaZ,"https://travel.state.gov/content/travel/en/international-travel/International-Travel-Country-Information-Pages/SyrianArabRepublic.html, https://www.gov.uk/foreign-travel-advice/syria"
109,🇱🇧,Lebanon,1003,Asia,Middle East,lb,UN country,Beirut,5490000,0,0,0,"","",0,https://youtu.be/vvgLLqpRT6s?si=PFpkJYoyS5UfxL6Y,"https://travel.state.gov/content/travel/en/international-travel/International-Travel-Country-Information-Pages/Lebanon.html, https://www.gov.uk/foreign-travel-advice/lebanon"
110,🇯🇴,Jordan,1003,Asia,Middle East,jo,UN country,Amman,11302000,0,0,0,"","",0,https://youtu.be/aWfu0BKOZ5g?si=w-cg_qpQPnNRUWrM,"https://travel.state.gov/content/travel/en/international-travel/International-Travel-Country-Information-Pages/Jordan.html, https://www.gov.uk/foreign-travel-advice/jordan"
111,🇮🇱,Israel,1003,Asia,Middle East,il,UN country,Jerusalem,9827000,0,0,0,"","",0,https://youtu.be/AWKmazrRIwA?si=W0l5XUeGcjQJhVyg,"https://travel.state.gov/content/travel/en/international-travel/International-Travel-Country-Information-Pages/IsraeltheWestBankandGaza.html?wcmmode=disabled, https://www.gov.uk/foreign-travel-advice/israel"
112,🇵🇸🇵🇸,Palestine,1003,Asia,Middle East,ps,De facto autonomy,Ramallah,5483450,0,0,0,"","",0,https://youtu.be/TauA7gAIoBs?si=475Bwsn-ocWyRaX0,https://www.gov.uk/foreign-travel-advice/the-occupied-palestinian-territories
113,🇸🇦,Saudi Arabia,1003,Asia,Middle East,sa,UN country,Riyadh,32175224,0,0,0,"","",0,https://youtu.be/tP68QwVvAZk?si=WPPBY5O-h9rxfPWS,"https://travel.state.gov/content/travel/en/international-travel/International-Travel-Country-Information-Pages/SaudiArabia.html, https://www.gov.uk/foreign-travel-advice/saudi-arabia"
114,🇰🇼,Kuwait,1003,Asia,Middle East,kw,UN country,Kuwait City,4670713,0,0,0,"","",0,https://youtu.be/S_pUIeE4Eko?si=i6-WcnW90jpumT5E,https://travel.state.gov/content/travel/en/international-travel/International-Travel-Country-Information-Pages/Kuwait.html
115,🇧🇭,Bahrain,1003,Asia,Middle East,bh,UN country,Manama,1577059,0,0,0,"","",0,https://youtu.be/P2gHUcwZbYk?si=nEZ4CJ9XAweoPv1p,https://travel.state.gov/content/travel/en/international-travel/International-Travel-Country-Information-Pages/Bahrain.html
116,🇶🇦,Qatar,1003,Asia,Middle East,qa,UN country,Doha,2656032,0,0,0,"","",0,https://youtu.be/oqfW7xn215o?si=1wF-hM_MJJEIsbGc,https://travel.state.gov/content/travel/en/international-travel/International-Travel-Country-Information-Pages/Qatar.html
117,🇦🇪,United Arab Emirates,1003,Asia,Middle East,ae,UN country,Abu Dhabi,9282410,0,0,0,"","",0,https://youtu.be/juHLoPYaWHk?si=hEbA_KBBaepOgWw_,https://travel.state.gov/content/travel/en/international-travel/International-Travel-Country-Information-Pages/UnitedArabEmirates.html
118,🇴🇲,Oman,1003,Asia,Middle East,om,UN country,Muscat,5113071,0,0,0,"","",0,https://youtu.be/mw-gmjzN4Fw?si=-iGGA0Et-gH1r_-e,https://travel.state.gov/content/travel/en/international-travel/International-Travel-Country-Information-Pages/Oman.html
119,🇾🇪,Yemen,1003,Asia,Middle East,ye,UN country,Aden/Sanaa,31888698,0,0,0,"","",0,"","https://travel.state.gov/content/travel/en/international-travel/International-Travel-Country-Information-Pages/Yemen.html, https://www.gov.uk/foreign-travel-advice/yemen"
120,🇰🇿,Kazakhstan,1003,Asia,Central Asia,kz,UN country,Astana,20000000,0,0,0,"","",0,https://youtu.be/BElOyEjTujk?si=oQ61IumreQp-BeGR,https://travel.state.gov/content/travel/en/international-travel/International-Travel-Country-Information-Pages/Kazakhstan.html
121,🇺🇿,Uzbekistan,1003,Asia,Central Asia,uz,UN country,Tashkent,36599764,0,0,0,"","",0,https://youtu.be/ETshSZvnzRg?si=-rtm5AEr9zqaXDur,"https://travel.state.gov/content/travel/en/international-travel/International-Travel-Country-Information-Pages/Uzbekistan.html, https://www.gov.uk/foreign-travel-advice/uzbekistan"
122,🇹🇲,Turkmenistan,1003,Asia,Central Asia,tm,UN country,Ashgabat,7057841,0,0,0,"","",0,https://youtu.be/9ljMlfC3kUw?si=j9Qc454f-AC_6HCA,https://travel.state.gov/content/travel/en/international-travel/International-Travel-Country-Information-Pages/Turkmenistan.html
123,🇦🇫,Afghanistan,1003,Asia,Central Asia,af,UN country,Kabul,34262840,0,0,0,"","",0,https://youtu.be/ipVw772hCrM?si=5mUIO925FbPFPrvz,https://travel.state.gov/content/travel/en/international-travel/International-Travel-Country-Information-Pages/Afghanistan.html
124,🇰🇬,Kyrgyzstan,1003,Asia,Central Asia,kg,UN country,Bishkek,7100000,0,0,0,"","",0,https://youtu.be/Wo-b_MpguLo?si=xHS2iOPtXXkml1vJ,https://travel.state.gov/content/travel/en/international-travel/International-Travel-Country-Information-Pages/Kyrgyzstan.html
125,🇹🇯,Tajikistan,1003,Asia,Central Asia,tj,UN country,Dushanbe,10077600,0,0,0,"","",0,https://youtu.be/DS6i0U5ycKA?si=FJlB2SMRFkMO9-7X,https://travel.state.gov/content/travel/en/international-travel/International-Travel-Country-Information-Pages/Tajikistan.html
126,🇵🇰,Pakistan,1003,Asia,South Asia,pk,UN country,Islamabad,241499431,0,0,0,"","",0,https://youtu.be/CqP2fiqlVok?si=d7pdXPYj-HT6Hi2A,https://travel.state.gov/content/travel/en/international-travel/International-Travel-Country-Information-Pages/Pakistan.html
127,🇮🇳,India,1003,Asia,South Asia,in,UN country,New Delhi,1392329000,0,0,0,"","",0,https://youtu.be/vEy6tcU6eLU?si=j8lTdpFz7eER3pYQ,https://travel.state.gov/content/travel/en/international-travel/International-Travel-Country-Information-Pages/India.html
128,🇱🇰,Sri Lanka,1003,Asia,South Asia,lk,UN country,Colombo/Sri Jayawardenepura Kotte,22037000,0,0,0,"","",0,https://youtu.be/1WheVxmQlo0?si=obrW8ejndIFzEelo,https://travel.state.gov/content/travel/en/international-travel/International-Travel-Country-Information-Pages/SriLanka.html
129,🇲🇻,Maldives,1003,Asia,South Asia,mv,UN country,Malé,382751,0,0,0,"","",0,https://youtu.be/KzuWHTJWe-0?si=kDOMVLWFCBa4uyH-,https://travel.state.gov/content/travel/en/international-travel/International-Travel-Country-Information-Pages/Maldives.html
130,🇧🇩,Bangladesh,1003,Asia,South Asia,bd,UN country,Dhaka,169828911,0,0,0,"","",0,https://youtu.be/ljebhxk_9ys?si=cR5_8kFT0zRcS1Sz,https://travel.state.gov/content/travel/en/international-travel/International-Travel-Country-Information-Pages/Bangladesh.html
131,🇳🇵,Nepal,1003,Asia,South Asia,np,UN country,Kathmandu,29164578,0,0,0,"","",0,https://youtu.be/8gTkgfOMkTU?si=JDa8jCn9oStpBnao,https://travel.state.gov/content/travel/en/international-travel/International-Travel-Country-Information-Pages/Nepal.html
132,🇧🇹,Bhutan,1003,Asia,South Asia,bt,UN country,Thimphu,770276,0,0,0,"","",0,https://youtu.be/v3_EezKE0WI?si=E_auEozvK2dSedCH,https://travel.state.gov/content/travel/en/international-travel/International-Travel-Country-Information-Pages/Bhutan.html
133,🇲🇳,Mongolia,1003,Asia,East Asia,mn,UN country,Ulaanbaatar,3457548,0,0,0,"","",0,https://youtu.be/TpdGIPHPBwU?si=7pPfJt_XWSOoSabO,https://travel.state.gov/content/travel/en/international-travel/International-Travel-Country-Information-Pages/Mongolia.html
134,🇨🇳,China,1003,Asia,East Asia,cn,UN country,Beijing,1411750000,0,0,0,"","",0,https://youtu.be/lzAESaVqix0?si=AacKX7g8H8ZQ3y27,https://travel.state.gov/content/travel/en/international-travel/International-Travel-Country-Information-Pages/China.html
135,🇭🇰🇨🇳,Hong Kong,1003,Asia,East Asia,hk,De facto autonomy,Hong Kong,7498100,0,0,0,"","",0,https://youtu.be/YkIwrSx5x3o?si=WgLUUZcmoKMe6e8j,https://www.gov.uk/foreign-travel-advice/hong-kong
136,🇲🇴🇨🇳,Macau,1003,Asia,East Asia,mo,De facto autonomy,Macau,681300,0,0,0,"","",0,https://youtu.be/GMUEWQUbT7A?si=eVriR8BfrC1kKsAF,https://www.gov.uk/foreign-travel-advice/macao
137,🇹🇼🇨🇳,Taiwan,1003,Asia,East Asia,tw,De facto autonomy,Taipei,23399654,0,0,0,"","",0,https://youtu.be/1xJSej6S-PY?si=1Tl84X0Po5RUv9-F,https://travel.state.gov/content/travel/en/international-travel/International-Travel-Country-Information-Pages/Taiwan.html
138,🇰🇵,North Korea,1003,Asia,East Asia,kp,UN country,Pyongyang,25660000,0,0,0,"","",0,https://youtu.be/00QUYoZHnH8?si=Yu0uOxauGzOjilHb,"https://travel.state.gov/content/travel/en/international-travel/International-Travel-Country-Information-Pages/KoreaDemocraticPeoplesRepublicof.html, https://www.gov.uk/foreign-travel-advice/north-korea"
139,🇰🇷,South Korea,1003,Asia,East Asia,kr,UN country,Seoul,51439038,0,0,0,"","",0,https://youtu.be/zTK119W8MBA?si=Is4Q-eKSUkXnCFMt,https://travel.state.gov/content/travel/en/international-travel/International-Travel-Country-Information-Pages/SouthKorea.html
140,🇯🇵,Japan,1003,Asia,East Asia,jp,UN country,Tokyo,124310000,0,0,0,"","",0,https://youtu.be/j3XpfBChLyk?si=EqeZG96DpwUWsZea,https://travel.state.gov/content/travel/en/international-travel/International-Travel-Country-Information-Pages/Japan.html
141,🇲🇲,Myanmar,1003,Asia,Southeast Asia,mm,UN country,Naypyidaw,55770232,0,0,0,"","",0,https://youtu.be/xMaaUTWzv8U?si=DbXtj8kuI8rbNZ3Y,"https://travel.state.gov/content/travel/en/international-travel/International-Travel-Country-Information-Pages/Burma.html, https://www.gov.uk/foreign-travel-advice/myanmar"
142,🇹🇭,Thailand,1003,Asia,Southeast Asia,th,UN country,Bangkok,68263022,0,0,0,"","",0,https://youtu.be/IWoq9N4fL9k?si=Jb58lAeZV2jCMeGT,"https://travel.state.gov/content/travel/en/international-travel/International-Travel-Country-Information-Pages/Thailand.html, https://www.gov.uk/foreign-travel-advice/thailand"
143,🇱🇦,Laos,1003,Asia,Southeast Asia,la,UN country,Vientiane,7443000,0,0,0,"","",0,https://youtu.be/dbmZQDySpzY?si=Xp5LkeK5cGnZXghO,"https://travel.state.gov/content/travel/en/international-travel/International-Travel-Country-Information-Pages/Laos.html, https://www.gov.uk/foreign-travel-advice/laos"
144,🇰🇭,Cambodia,1003,Asia,Southeast Asia,kh,UN country,Phnom Penh,17091464,0,0,0,"","",0,https://youtu.be/wufWxldBWsU?si=lZbb9qgeM9z-Ln-I,https://travel.state.gov/content/travel/en/international-travel/International-Travel-Country-Information-Pages/Cambodia.html
145,🇻🇳,Vietnam,1003,Asia,Southeast Asia,vn,UN country,Hanoi,100000000,0,0,0,"","",0,"",https://travel.state.gov/content/travel/en/international-travel/International-Travel-Country-Information-Pages/Vietnam.html
146,🇲🇾,Malaysia,1003,Asia,Southeast Asia,my,UN country,Kuala Lumpur/Putrajaya,33379500,0,0,0,"","",0,https://youtu.be/dV-H1EKmCxA?si=A6UPKU2b8iQaNGo9,"https://travel.state.gov/content/travel/en/international-travel/International-Travel-Country-Information-Pages/Malaysia.html, https://www.gov.uk/foreign-travel-advice/malaysia"
147,🇸🇬,Singapore,1003,Asia,Southeast Asia,sg,UN country,Singapore,5917600,0,0,0,"","",0,https://youtu.be/w-z4q7F5Bcs?si=-4iGP5p0PYoIHfbl,https://travel.state.gov/content/travel/en/international-travel/International-Travel-Country-Information-Pages/Singapore.html
148,🇮🇩,Indonesia,1003,Asia,Southeast Asia,id,UN country,Jakarta,279118866,1,6,1,2017,2017,1,https://youtu.be/FsXc3FcWi3g?si=xBuIG54pI_KzgRVV,https://travel.state.gov/content/travel/en/international-travel/International-Travel-Country-Information-Pages/Indonesia.html
149,🇧🇳,Brunei,1003,Asia,Southeast Asia,bn,UN country,Bandar Seri Begawan,445400,0,0,0,"","",0,https://youtu.be/bNTTFmgbPZY?si=RKzl9yH2Pxe_ALfe,https://travel.state.gov/content/travel/en/international-travel/International-Travel-Country-Information-Pages/Brunei.html
150,🇹🇱,Timor-Leste,1003,Asia,Southeast Asia,tl,UN country,Dili,1354662,0,0,0,"","",0,https://youtu.be/Yy2OZZJwBYU?si=NDDjTyBo6cp10MMx,https://travel.state.gov/content/travel/en/international-travel/International-Travel-Country-Information-Pages/Timor-Leste.html
151,🇵🇭,Philippines,1003,Asia,Southeast Asia,ph,UN country,Manila,112892781,0,0,0,"","",0,https://youtu.be/LVFvRNRTEd4?si=e_i9HC3hCh3dzpfg,"https://travel.state.gov/content/travel/en/international-travel/International-Travel-Country-Information-Pages/Philippines.html, https://www.gov.uk/foreign-travel-advice/philippines"
152,🇨🇴,Colombia,1004,South America,Southern America,co,UN country,Bogotá,52215503,0,0,0,"","",0,https://youtu.be/rTsPaAIJdnw?si=mzjxengQNE-sr9Jv,"https://travel.state.gov/content/travel/en/international-travel/International-Travel-Country-Information-Pages/Colombia.html, https://www.gov.uk/foreign-travel-advice/colombia"
153,🇻🇪,Venezuela,1004,South America,Southern America,ve,UN country,Caracas,28302000,0,0,0,"","",0,"","https://travel.state.gov/content/travel/en/international-travel/International-Travel-Country-Information-Pages/Venezuela.html, https://www.gov.uk/foreign-travel-advice/venezuela"
154,🇻🇪🇻🇪🇻🇪,Nueva Esparta (VE),1004,South America,Caribbean,nes,External subregion,La Asunción,617078,0,0,0,"","",0,https://www.youtube.com/watch?v=8hW-yhQQaQk,""
155,🇬🇾,Guyana,1004,South America,Southern America,gy,UN country,Georgetown,743699,0,0,0,"","",0,https://youtu.be/tr5xeKcHGqw?si=NZnvWxRD9IA0bsJo,https://travel.state.gov/content/travel/en/international-travel/International-Travel-Country-Information-Pages/Guyana.html
156,🇸🇷,Suriname,1004,South America,Southern America,sr,UN country,Paramaribo,616500,0,0,0,"","",0,https://youtu.be/ErJ6qaRhW-c?si=jbCJIKYW-2tpw7U-,https://travel.state.gov/content/travel/en/international-travel/International-Travel-Country-Information-Pages/Suriname.html
157,🇬🇫🇫🇷🇫🇷,French Guiana (FR),1004,South America,Southern America,gf,External subregion,Cayenne,301099,0,0,0,"","",0,https://youtu.be/901x6w0i-0o?si=BR9FQuM-tEgdzG3E,https://travel.state.gov/content/travel/en/international-travel/International-Travel-Country-Information-Pages/FrenchGuiana.html
158,🇧🇷,Brazil,1004,South America,Southern America,br,UN country,Brasília,203062512,0,0,0,"","",0,https://youtu.be/JFfcD-SkqIc?si=QG88nTPNs5E1mFri,https://travel.state.gov/content/travel/en/international-travel/International-Travel-Country-Information-Pages/Brazil.html
159,🇪🇨,Ecuador,1004,South America,Southern America,ec,UN country,Quito,16938986,0,0,0,"","",0,https://youtu.be/7jzB0YVBUOs?si=ZDYtJOG0YiDx99DF,"https://travel.state.gov/content/travel/en/international-travel/International-Travel-Country-Information-Pages/Ecuador.html, https://www.gov.uk/foreign-travel-advice/ecuador"
160,🇪🇨🇪🇨🇪🇨,Galápagos Islands (EC),1004,South America,Eastern Pacific,gpi,External subregion,Puerto Baquerizo Moreno,33042,0,0,0,"","",0,https://www.youtube.com/watch?v=K9-oJOQTNAA,""
161,🇵🇪,Peru,1004,South America,Southern America,pe,UN country,Lima,33396698,0,0,0,"","",0,https://youtu.be/x0XCXGXGZMs?si=Ii8OUmCmP4UfSKrD,https://travel.state.gov/content/travel/en/international-travel/International-Travel-Country-Information-Pages/Peru.html
162,🇧🇴,Bolivia,1004,South America,Southern America,bo,UN country,La Paz/Sucre,12006031,0,0,0,"","",0,https://youtu.be/AJx1RcIO61I?si=pizlgoULFh76nLkr,https://travel.state.gov/content/travel/en/international-travel/International-Travel-Country-Information-Pages/Bolivia.html
163,🇵🇾,Paraguay,1004,South America,Southern America,py,UN country,Asunción,6109644,0,0,0,"","",0,https://youtu.be/8wbNEJjBa0k?si=ol4RjSf0V2-UBqTM,https://travel.state.gov/content/travel/en/international-travel/International-Travel-Country-Information-Pages/Paraguay.html
164,🇨🇱,Chile,1004,South America,Southern America,cl,UN country,Santiago,19960889,0,0,0,"","",0,https://youtu.be/8P4Hi99hUJc?si=uXv8wNgos6me4kQ_,https://travel.state.gov/content/travel/en/international-travel/International-Travel-Country-Information-Pages/Chile.html
165,🗿🇨🇱🇨🇱,Easter Island (CL),1004,South America,Eastern Pacific,eai,External subregion,Hanga Roa,7750,0,0,0,"","",0,"https://www.youtube.com/watch?v=sMYekiCz3cA, https://youtu.be/B2bUmq-Dq2c?si=jwSnkCYmDBeP5q0u",https://www.gov.uk/foreign-travel-advice/chile
166,🇦🇷,Argentina,1004,South America,Southern America,ar,UN country,Buenos Aires,46654581,0,0,0,"","",0,https://youtu.be/1U0N4SGL46A?si=uP_rjB24lHnL9O92,https://travel.state.gov/content/travel/en/international-travel/International-Travel-Country-Information-Pages/Argentina.html
167,🇫🇰🇬🇧🇬🇧,Falkland Islands (UK),1004,South America,Southern Atlantic,fk,External subregion,Stanley,3662,0,0,0,"","",0,https://youtu.be/rryl9k-YWV0?si=bo0MB-4zCPTnfJLq,https://www.gov.uk/foreign-travel-advice/falkland-islands
168,🇺🇾,Uruguay,1004,South America,Southern America,uy,UN country,Montevideo,3444263,0,0,0,"","",0,https://youtu.be/MQcrymQz0O8?si=2Fr3EWTTxEcaBAp5,https://travel.state.gov/content/travel/en/international-travel/International-Travel-Country-Information-Pages/Uruguay.html
169,🇲🇷,Mauritania,1005,Africa,North Africa,mr,UN country,Nouakchott,4475683,0,0,0,"","",0,https://youtu.be/QTDxrzELzmU?si=Nwvw4MA4ProLwGz7,"https://travel.state.gov/content/travel/en/international-travel/International-Travel-Country-Information-Pages/Mauritania.html, https://www.gov.uk/foreign-travel-advice/mauritania"
170,🇲🇦,Morocco,1005,Africa,North Africa,ma,UN country,Rabat,37022000,0,0,0,"","",0,https://youtu.be/9iqBeJnsq8U?si=Rz6JxvUeBaetcD2_,https://travel.state.gov/content/travel/en/international-travel/International-Travel-Country-Information-Pages/Morocco.html
171,🇪🇭🇲🇦🇲🇦,Western Sahara (MA),1005,Africa,North Africa,eh,External subregion,Laayoune/Tifariti,587259,0,0,0,"","",0,https://youtu.be/yYuQaFlkSGE?si=7ohqLTWlFlh5wktB,https://www.gov.uk/foreign-travel-advice/western-sahara
172,🇮🇨🇪🇸🇪🇸,Canary Islands (ES),1005,Africa,North Africa,can,External subregion,Las Palmas de Gran Canaria/Santa Cruz de Tenerife,2175952,0,0,0,"","",0,https://youtu.be/7j8ufJvUe6I?si=RZChvJ218S4R2v70,""
173,🇵🇹🇵🇹🇵🇹,Madeira (PT),1005,Africa,North Africa,mad,External subregion,Funchal,156255,0,0,0,"","",0,https://youtu.be/vwUS8eJstKc?si=QB-e-fdlsn89_s50,""
174,🇵🇹🇵🇹🇵🇹,Azores (PT),1005,Africa,North Africa,azr,External subregion,Ponta Delgada/Angra do Heroísmo/Horta,236440,0,0,0,"","",0,"https://youtu.be/B_U6FelcBLc?si=njehKJYy_rE-UfbY, https://youtu.be/mq6L8CnNJXc?si=1EhhTv0OwfW4CZEV&t=376",""
175,🇪🇸🇪🇸🇪🇸,Ceuta (ES),1005,Africa,North Africa,cta,External subregion,Ceuta,84829,0,0,0,"","",0,https://youtu.be/PIn7OkBPhc0?si=OsXq6bFPCPDhXZpy,""
176,🇪🇸🇪🇸🇪🇸,Melilla (ES),1005,Africa,North Africa,mla,External subregion,Melilla,84689,0,0,0,"","",0,https://youtu.be/PIn7OkBPhc0?si=OsXq6bFPCPDhXZpy,""
177,🇩🇿,Algeria,1005,Africa,North Africa,dz,UN country,Algiers,45400000,0,0,0,"","",0,https://youtu.be/YLY7oB_fttM?si=Vc_lEuaskHz3XQ9p,"https://travel.state.gov/content/travel/en/international-travel/International-Travel-Country-Information-Pages/Algeria.html, https://www.gov.uk/foreign-travel-advice/algeria"
178,🇹🇳,Tunisia,1005,Africa,North Africa,tn,UN country,Tunis,11850232,0,0,0,"","",0,https://youtu.be/iBotvIvlCHQ?si=7QJ34XgKqb0pEBLt,"https://travel.state.gov/content/travel/en/international-travel/International-Travel-Country-Information-Pages/Tunisia.html, https://www.gov.uk/foreign-travel-advice/tunisia"
179,🇮🇹🇮🇹🇮🇹,Pelagie Islands (IT),1005,Africa,North Africa,pli,External subregion,Lampedusa,6556,0,0,0,"","",0,https://youtu.be/EyntOxu_Bf8?si=ZlWXjXoUhK4lhcrv,""
180,🇱🇾,Libya,1005,Africa,North Africa,ly,UN country,Tripoli,6931061,0,0,0,"","",0,https://youtu.be/TBEfVYBohzc?si=kpu7uO7M2Ajwck63,"https://travel.state.gov/content/travel/en/international-travel/International-Travel-Country-Information-Pages/Libya.html, https://www.gov.uk/foreign-travel-advice/libya"
181,🇹🇩,Chad,1005,Africa,North Africa,td,UN country,N'Djamena,17414717,0,0,0,"","",0,https://youtu.be/jJZ66hPQLe4?si=_5GB-SRCXeqGHMJP,"https://travel.state.gov/content/travel/en/international-travel/International-Travel-Country-Information-Pages/Chad.html, https://www.gov.uk/foreign-travel-advice/chad"
182,🇪🇬,Egypt,1005,Africa,North Africa,eg,UN country,Cairo,104462545,0,0,0,"","",0,https://youtu.be/jdNw0g7SOMc?si=exZDifE2MOJs-AtT,"https://travel.state.gov/content/travel/en/international-travel/International-Travel-Country-Information-Pages/Egypt.html, https://www.gov.uk/foreign-travel-advice/egypt"
183,🇸🇩,Sudan,1005,Africa,North Africa,sd,UN country,Khartoum,41984500,0,0,0,"","",0,https://youtu.be/GwcXYTX2GmA?si=LDiOuoJBZE-yfUrd,"https://travel.state.gov/content/travel/en/international-travel/International-Travel-Country-Information-Pages/Sudan.html, https://www.gov.uk/foreign-travel-advice/sudan"
184,🇨🇻,Cabo Verde,1005,Africa,West Africa,cv,UN country,Praia,491233,0,0,0,"","",0,https://youtu.be/q99tzGgkd4k?si=F6N_rCqCWYTXubcZ,https://travel.state.gov/content/travel/en/international-travel/International-Travel-Country-Information-Pages/CaboVerde.html
185,🇸🇳,Senegal,1005,Africa,West Africa,sn,UN country,Dakar,18275743,0,0,0,"","",0,https://youtu.be/mFfJ_-XadbQ?si=DpafS_NzHbRxKp4A,https://travel.state.gov/content/travel/en/international-travel/International-Travel-Country-Information-Pages/Senegal.html
186,🇬🇲,The Gambia,1005,Africa,West Africa,gm,UN country,Banjul,2417471,0,0,0,"","",0,https://youtu.be/Vd7z3GignNU?si=BqRofD7u-OUjiFww,https://travel.state.gov/content/travel/en/international-travel/International-Travel-Country-Information-Pages/TheGambia.html
187,🇬🇼,Guinea-Bissau,1005,Africa,West Africa,gw,UN country,Bissau,1781308,0,0,0,"","",0,https://youtu.be/O_fiQTK6OCk?si=UzKR6torPPzRWPtV,https://travel.state.gov/content/travel/en/international-travel/International-Travel-Country-Information-Pages/Guinea-Bissau.html
188,🇬🇳,Guinea,1005,Africa,West Africa,gn,UN country,Conakry,13261638,0,0,0,"","",0,https://youtu.be/2xc3EP_dJDs?si=HkWhJPavRcxTXdc0,https://travel.state.gov/content/travel/en/international-travel/International-Travel-Country-Information-Pages/Guinea.html
189,🇸🇱,Sierra Leone,1005,Africa,West Africa,sl,UN country,Freetown,8494260,0,0,0,"","",0,https://youtu.be/ff4V8L_VAwQ?si=GDTHOUwJKlCnUap2,https://travel.state.gov/content/travel/en/international-travel/International-Travel-Country-Information-Pages/SierraLeone.html
190,🇱🇷,Liberia,1005,Africa,West Africa,lr,UN country,Monrovia,5248621,0,0,0,"","",0,https://youtu.be/HEbSlGIOX70?si=uFAbvax8OvKh5tl5,https://travel.state.gov/content/travel/en/international-travel/International-Travel-Country-Information-Pages/Liberia.html
191,🇨🇮,Côte d'Ivire,1005,Africa,West Africa,ci,UN country,Abidjan/Yamoussoukro,29389150,0,0,0,"","",0,https://youtu.be/23ubg7QdebI?si=Ot0P6kQidSQxQ0hn,"https://travel.state.gov/content/travel/en/international-travel/International-Travel-Country-Information-Pages/CotedvIoire.html, https://www.gov.uk/foreign-travel-advice/cote-d-ivoire"
192,🇲🇱,Mali,1005,Africa,West Africa,ml,UN country,Bamako,22395489,0,0,0,"","",0,https://youtu.be/5Twr04-ViR4?si=2ix67cks-i8PxrVW,"https://travel.state.gov/content/travel/en/international-travel/International-Travel-Country-Information-Pages/Mali.html, https://www.gov.uk/foreign-travel-advice/mali"
193,🇧🇫,Burkina Faso,1005,Africa,West Africa,bf,UN country,Ouagadougou,22185654,0,0,0,"","",0,https://youtu.be/ZyATtCBNLDk?si=yj4IaTXuKQf_8GpG,"https://travel.state.gov/content/travel/en/international-travel/International-Travel-Country-Information-Pages/BurkinaFaso.html, https://www.gov.uk/foreign-travel-advice/burkina-faso"
194,🇬🇭,Ghana,1005,Africa,West Africa,gh,UN country,Accra,30832019,0,0,0,"","",0,https://youtu.be/tzXARwHs-YQ?si=i1cMEsivbka-Pgvm,https://travel.state.gov/content/travel/en/international-travel/International-Travel-Country-Information-Pages/Ghana.html
195,🇹🇬,Togo,1005,Africa,West Africa,tg,UN country,Lomé,8095498,0,0,0,"","",0,https://youtu.be/KtBU-HnxiCo?si=SnHfA_anLXPr5ibY,"https://travel.state.gov/content/travel/en/international-travel/International-Travel-Country-Information-Pages/Togo.html, https://www.gov.uk/foreign-travel-advice/togo"
196,🇧🇯,Benin,1005,Africa,West Africa,bj,UN country,Cotonou/Porto-Novo,12606998,0,0,0,"","",0,https://youtu.be/y4CIn0jweuc?si=Jpy8EbA3kQAk6QYC,"https://travel.state.gov/content/travel/en/international-travel/International-Travel-Country-Information-Pages/Benin.html, https://www.gov.uk/foreign-travel-advice/benin"
197,🇳🇪,Niger,1005,Africa,West Africa,ne,UN country,Niamey,25369415,0,0,0,"","",0,https://youtu.be/AHeq99pojLo?si=I6OLdvKLNOlqKOEm,"https://travel.state.gov/content/travel/en/international-travel/International-Travel-Country-Information-Pages/Niger.html, https://www.gov.uk/foreign-travel-advice/niger"
198,🇳🇬,Nigeria,1005,Africa,West Africa,ng,UN country,Abuja,216783400,0,0,0,"","",0,https://youtu.be/h4sWFJFge54?si=TXJBMX8PujU-otEW,"https://travel.state.gov/content/travel/en/international-travel/International-Travel-Country-Information-Pages/Nigeria.html, https://www.gov.uk/foreign-travel-advice/nigeria"
199,🇨🇲,Cameroon,1005,Africa,Central Africa,cm,UN country,Yaoundé,28088845,0,0,0,"","",0,https://youtu.be/0xyR8IgjzMA?si=JgbIcLO_vVcxUtUz,"https://travel.state.gov/content/travel/en/international-travel/International-Travel-Country-Information-Pages/Cameroon.html, https://www.gov.uk/foreign-travel-advice/cameroon"
200,🇬🇶,Equatorial Guinea,1005,Africa,Central Africa,gq,UN country,Malabo,1558160,0,0,0,"","",0,https://youtu.be/j4nPVzyj1sM?si=d3N5YBfsGS2lFtBt,https://travel.state.gov/content/travel/en/international-travel/International-Travel-Country-Information-Pages/EquatorialGuinea.html
201,🇬🇦,Gabon,1005,Africa,Central Africa,ga,UN country,Libreville,2233272,0,0,0,"","",0,https://youtu.be/KCdwJAeJ69s?si=QwQBgolMlJ3yFNvr,https://travel.state.gov/content/travel/en/international-travel/International-Travel-Country-Information-Pages/Gabon.html
202,🇸🇹,São Tomé and Principe,1005,Africa,Central Africa,st,UN country,São Tomé,214610,0,0,0,"","",0,https://youtu.be/mnoZ1A4TU80?si=no7WZhfDjcwT9Utr,https://travel.state.gov/content/travel/en/international-travel/International-Travel-Country-Information-Pages/SaoTomeandPrincipe.html
203,🇨🇫,Central African Republic,1005,Africa,Central Africa,cf,UN country,Bangui,5633412,0,0,0,"","",0,https://youtu.be/r4KyslvtOk4?si=AotpxT-4XDX7iDCa,"https://travel.state.gov/content/travel/en/international-travel/International-Travel-Country-Information-Pages/CentralAfricanRepublic.html, https://www.gov.uk/foreign-travel-advice/central-african-republic"
204,🇨🇬,Republic of the Congo,1005,Africa,Central Africa,cg,UN country,Brazzaville,6106869,0,0,0,"","",0,https://youtu.be/xEW_fjNuXNE?si=dwm_a9Cgg3-stI76,"https://travel.state.gov/content/travel/en/international-travel/International-Travel-Country-Information-Pages/RepublicoftheCongo.html, https://www.gov.uk/foreign-travel-advice/congo"
205,🇨🇩,Democratic Republic of the Congo,1005,Africa,Central Africa,cd,UN country,Kinshasa,95370000,0,0,0,"","",0,https://youtu.be/dD3ZFQ62Vxc?si=ISqEXmeCFd8zkgNH,"https://travel.state.gov/content/travel/en/international-travel/International-Travel-Country-Information-Pages/DemocraticRepublicoftheCongoDRC.html, https://www.gov.uk/foreign-travel-advice/democratic-republic-of-the-congo"
206,🇸🇸,South Sudan,1005,Africa,East Africa,ss,UN country,Juba,13249924,0,0,0,"","",0,https://youtu.be/bDuW49Lxbf4?si=XRlkhpamN05tz-mN,"https://travel.state.gov/content/travel/en/international-travel/International-Travel-Country-Information-Pages/SouthSudan.html, https://www.gov.uk/foreign-travel-advice/south-sudan"
207,🇪🇹,Ethiopia,1005,Africa,East Africa,et,UN country,Addis Ababa,107334000,0,0,0,"","",0,https://youtu.be/eAB6o1rLH1w?si=VjXJCdDUdBU8I8EN,"https://travel.state.gov/content/travel/en/international-travel/International-Travel-Country-Information-Pages/Ethiopia.html, https://www.gov.uk/foreign-travel-advice/ethiopia"
208,🇪🇷,Eritrea,1005,Africa,East Africa,er,UN country,Asmara,3748902,0,0,0,"","",0,https://youtu.be/hA4ZV72wnpI?si=V3dU0-UZsiaWbIfB,"https://travel.state.gov/content/travel/en/international-travel/International-Travel-Country-Information-Pages/Eritrea.html, https://www.gov.uk/foreign-travel-advice/eritrea"
209,🇩🇯,Djibouti,1005,Africa,East Africa,dj,UN country,Djibouti,1001454,0,0,0,"","",0,https://youtu.be/PbglpfzR6eA?si=oX8H7u81LIuNZBmJ,"https://travel.state.gov/content/travel/en/international-travel/International-Travel-Country-Information-Pages/Djibouti.html, https://www.gov.uk/foreign-travel-advice/djibouti"
210,🇸🇴,Somalia,1005,Africa,East Africa,so,UN country,Mogadishu,18143379,0,0,0,"","",0,https://youtu.be/8TIrJADv7iE?si=Ivrwmv9iGHeFuhfs,"https://travel.state.gov/content/travel/en/international-travel/International-Travel-Country-Information-Pages/Somalia.html, https://www.gov.uk/foreign-travel-advice/somalia"
211,🇾🇪🇾🇪🇾🇪,Socotra Archipelago (YE),1005,Africa,East Africa,soc,External subregion,Hadibu,42842,0,0,0,"","",0,https://youtu.be/PR0Db98GRrE?si=9-_xj0SYWmakw1NW,""
212,🇸🇴🇸🇴,Somaliland,1005,Africa,East Africa,som,De facto autonomy,Hargeisa,5741086,0,0,0,"","",0,https://youtu.be/Z6N09oR1PoY?si=LQ8YCiGiNDPfdzlb,https://www.gov.uk/foreign-travel-advice/somalia
213,🇰🇪,Kenya,1005,Africa,East Africa,ke,UN country,Nairobi,51526000,0,0,0,"","",0,https://youtu.be/DWyjf9dhL4o?si=OvfiPFHv-Je2cgS5,"https://travel.state.gov/content/travel/en/international-travel/International-Travel-Country-Information-Pages/Kenya.html, https://www.gov.uk/foreign-travel-advice/kenya"
214,🇺🇬,Uganda,1005,Africa,East Africa,ug,UN country,Kampala,45562000,0,0,0,"","",0,https://youtu.be/bUVHrX_WmcQ?si=NLxhbske5WrOgzVh,"https://travel.state.gov/content/travel/en/international-travel/International-Travel-Country-Information-Pages/Uganda.html, https://www.gov.uk/foreign-travel-advice/uganda"
215,🇷🇼,Rwanda,1005,Africa,East Africa,rw,UN country,Kigali,13246394,0,0,0,"","",0,https://youtu.be/_MbzQNFC2kA?si=a-5BdrEXQ1Sblpsq,https://travel.state.gov/content/travel/en/international-travel/International-Travel-Country-Information-Pages/Rwanda.html
216,🇧🇮,Burundi,1005,Africa,East Africa,bi,UN country,Gitega/Bujumbura,12837740,0,0,0,"","",0,https://youtu.be/ebiGew8mYr0?si=U_ndlGjK-zqxY0Br,"https://travel.state.gov/content/travel/en/international-travel/International-Travel-Country-Information-Pages/Burundi.html, https://www.gov.uk/foreign-travel-advice/burundi"
217,🇹🇿,Tanzania,1005,Africa,East Africa,tz,UN country,Dodoma,61741120,0,0,0,"","",0,https://youtu.be/cygqKMAzNig?si=oIh5IQoshqqxKdae,"https://travel.state.gov/content/travel/en/international-travel/International-Travel-Country-Information-Pages/Tanzania.html, https://www.gov.uk/foreign-travel-advice/tanzania"
218,🇲🇿,Mozambique,1005,Africa,Southern Africa,mz,UN country,Maputo,32419747,0,0,0,"","",0,https://youtu.be/ZDo7RwB0Zdo?si=MTQPoEeLlKVzbG43,"https://travel.state.gov/content/travel/en/international-travel/International-Travel-Country-Information-Pages/Mozambique.html, https://www.gov.uk/foreign-travel-advice/mozambique"
219,🇲🇼,Malawi,1005,Africa,Southern Africa,mw,UN country,Lilongwe,21507723,0,0,0,"","",0,https://youtu.be/868K4Iq8Z-g?si=vlDlTrZDh5b68stE,https://travel.state.gov/content/travel/en/international-travel/International-Travel-Country-Information-Pages/Malawi.html
220,🇿🇲,Zambia,1005,Africa,Southern Africa,zm,UN country,Lusaka,19610769,0,0,0,"","",0,"",https://travel.state.gov/content/travel/en/international-travel/International-Travel-Country-Information-Pages/Zambia.html
221,🇿🇼,Zimbabwe,1005,Africa,Southern Africa,zw,UN country,Harare,15178979,0,0,0,"","",0,"",https://travel.state.gov/content/travel/en/international-travel/International-Travel-Country-Information-Pages/Zimbabwe.html
222,🇦🇴,Angola,1005,Africa,Southern Africa,ao,UN country,Luanda,33086278,0,0,0,"","",0,https://youtu.be/4QSmRYQBfN4?si=w6Q106quhyVjz6_j,"https://travel.state.gov/content/travel/en/international-travel/International-Travel-Country-Information-Pages/Angola.html, https://www.gov.uk/foreign-travel-advice/angola"
223,🇸🇭🇬🇧🇬🇧,"Saint Helena, Ascension, and Tristan da Cunha (UK)",1005,Africa,Southern Atlantic,sh,External subregion,Jamestown,5651,0,0,0,"","",0,https://youtu.be/h7iCEEv1NlA?si=WmsHifcNNARtOVs_,https://www.gov.uk/foreign-travel-advice/st-helena-ascension-and-tristan-da-cunha
224,🇳🇦,Namibia,1005,Africa,Southern Africa,na,UN country,Windhoek,2641857,0,0,0,"","",0,https://youtu.be/Jim_NG0PYpc?si=LCb3UxoYPLQ7IXwc,https://travel.state.gov/content/travel/en/international-travel/International-Travel-Country-Information-Pages/Namibia.html
225,🇧🇼,Botswana,1005,Africa,Southern Africa,bw,UN country,Gaborone,2410338,0,0,0,"","",0,https://youtu.be/RJkIdd5D8HA?si=RG7xormspR3uBoWd,https://travel.state.gov/content/travel/en/international-travel/International-Travel-Country-Information-Pages/Botswana.html
226,🇿🇦,South Africa,1005,Africa,Southern Africa,za,UN country,Bloemfontein/Cape Town/Pretoria,62027503,0,0,0,"","",0,https://youtu.be/tP6G2wDrUUU?si=ngSYSZTAZTS-dHVx,https://travel.state.gov/content/travel/en/international-travel/International-Travel-Country-Information-Pages/SouthAfrica.html
227,🇱🇸,Lesotho,1005,Africa,Southern Africa,ls,UN country,Maseru,2306000,0,0,0,"","",0,https://youtu.be/dgPLD_XzggY?si=8675EoH8HD6qTuu6,https://travel.state.gov/content/travel/en/international-travel/International-Travel-Country-Information-Pages/Lesotho.html
228,🇸🇿,Eswatini,1005,Africa,Southern Africa,sz,UN country,Lobamba/Mbabane,1223362,0,0,0,"","",0,https://youtu.be/WqHUQMdXDQQ?si=nmSaG3dzB77FtMzv,https://travel.state.gov/content/travel/en/international-travel/International-Travel-Country-Information-Pages/Eswatini.html?wcmmode=disabled
229,🇰🇲,Comoros,1005,Africa,Indian Ocean Islands,km,UN country,Moroni,758316,0,0,0,"","",0,https://youtu.be/dFccny3iGbo?si=WcCaI-CP922V0x_l,https://travel.state.gov/content/travel/en/international-travel/International-Travel-Country-Information-Pages/Comoros.html
230,🇾🇹🇫🇷🇫🇷,Mayotte (FR),1005,Africa,Indian Ocean Islands,yt,External subregion,Mamoudzou,256518,0,0,0,"","",0,https://youtu.be/pmC7MHTZ9wQ?si=JKFZnYeB_dMShMyJ,https://www.gov.uk/foreign-travel-advice/mayotte
231,🇲🇬,Madagascar,1005,Africa,Indian Ocean Islands,mg,UN country,Antananarivo,26923353,0,0,0,"","",0,https://youtu.be/DC-zcvoIXHo?si=Tw3yRJRp96pGsYV5,https://travel.state.gov/content/travel/en/international-travel/International-Travel-Country-Information-Pages/Madagascar.html
232,🇷🇪🇫🇷🇫🇷,Réunion (FR),1005,Africa,Indian Ocean Islands,re,External subregion,Saint-Denis,873102,0,0,0,"","",0,https://youtu.be/yVWjkl32ijc?si=6_lnRQ495vlt12aO,https://www.gov.uk/foreign-travel-advice/reunion
233,🇲🇺,Mauritius,1005,Africa,Indian Ocean Islands,mu,UN country,Port Louis,1261041,0,0,0,"","",0,https://youtu.be/SrOwkNEHIlk?si=9wNEPsnsQZr8Mp6U,https://travel.state.gov/content/travel/en/international-travel/International-Travel-Country-Information-Pages/Mauritius.html
234,🇸🇨,Seychelles,1005,Africa,Indian Ocean Islands,sc,UN country,Victoria,100447,0,0,0,"","",0,https://youtu.be/-eRimFrm6kQ?si=p49Le2Rii6thee7d,https://travel.state.gov/content/travel/en/international-travel/International-Travel-Country-Information-Pages/Seychelles.html
235,🇨🇽🇦🇺🇦🇺,Christmas Island (AU),1006,Oceania,Indian Ocean Islands,cx,External subregion,Flying Fish Cove,1692,0,0,0,"","",0,https://www.youtube.com/watch?v=rIU_BQEuKQ8,""
236,🇨🇨🇦🇺🇦🇺,Cocos (Keeling) Islands (AU),1006,Oceania,Indian Ocean Islands,cc,External subregion,West Island,593,0,0,0,"","",0,"https://youtu.be/SFy7leDdI4U?si=0ovNUCneA_wf2ZOi, https://youtu.be/yrYnTgB3bn8?si=bR32lRqR-FwsRb_N&t=615",""
237,🇦🇺,Australia,1006,Oceania,South Pacific,au,UN country,Canberra,26461912,0,0,0,"","",0,https://youtu.be/ynHIlx5RgtI?si=rg3jDrmOW-vb2Len,https://travel.state.gov/content/travel/en/international-travel/International-Travel-Country-Information-Pages/Australia.html
238,🇳🇿,New Zealand,1006,Oceania,South Pacific,nz,UN country,Wellington,5223100,0,0,0,"","",0,https://youtu.be/FtZaaKFi7RM?si=6-_2xT1eIOTqYCBJ,https://travel.state.gov/content/travel/en/international-travel/International-Travel-Country-Information-Pages/NewZealand.html
239,🇵🇬,Papua New Guinea,1006,Oceania,South Pacific,pg,UN country,Port Moresby,11781559,0,0,0,"","",0,https://youtu.be/bushHvw__Mo?si=jKWM4XpGxsrS1SQe,"https://travel.state.gov/content/travel/en/international-travel/International-Travel-Country-Information-Pages/PapuaNewGuinea.html, https://www.gov.uk/foreign-travel-advice/papua-new-guinea"
240,🇵🇬🇵🇬,Bougainville (PG),1006,Oceania,Melanesia,bgv,De facto autonomy,Buka,234280,0,0,0,"","",0,https://youtu.be/3UgE0K7BFOQ?si=OlLbMLD7grfNna8s,""
241,🇵🇼,Palau,1006,Oceania,Micronesia,pw,UN country,Ngerulmud,16733,0,0,0,"","",0,https://youtu.be/MOM09fA8miU?si=N4-PhQ6v-0CohIb2,https://travel.state.gov/content/travel/en/international-travel/International-Travel-Country-Information-Pages/Palau.html
242,🇬🇺🇺🇸🇺🇸,Guam (US),1006,Oceania,Micronesia,gu,External subregion,Hagåtña,153836,0,0,0,"","",0,https://youtu.be/XyJGH0SoOZY?si=xorzVLi6pFWwnSDD,""
243,🇲🇵🇺🇸🇺🇸,Northern Mariana Islands (US),1006,Oceania,Micronesia,mp,External subregion,Saipan,47329,0,0,0,"","",0,https://youtu.be/pdRbBNkx7y0?si=c1tuQ4NoL3p_9BIt,""
244,🇫🇲,Micronesia,1006,Oceania,Micronesia,fm,UN country,Palikir,105754,0,0,0,"","",0,https://youtu.be/_gSBvcYOuu4?si=X4Qk1lSKMlBA8qBV,https://travel.state.gov/content/travel/en/international-travel/International-Travel-Country-Information-Pages/Micronesia.html
245,🇲🇭,Marshall Islands,1006,Oceania,Micronesia,mh,UN country,Majuro,42418,0,0,0,"","",0,https://youtu.be/wRzXi8DDrX8?si=DvUXNhrSUiqEXyr_,https://travel.state.gov/content/travel/en/international-travel/International-Travel-Country-Information-Pages/MarshallIslands.html
246,🇳🇷,Nauru,1006,Oceania,Micronesia,nr,UN country,Yaren,11680,0,0,0,"","",0,https://youtu.be/B5flHlEkgrU?si=O0I-R914tafeV0zd,https://travel.state.gov/content/travel/en/international-travel/International-Travel-Country-Information-Pages/Nauru.html
247,🇸🇧,Solomon Islands,1006,Oceania,Melanesia,sb,UN country,Honiara,734887,0,0,0,"","",0,https://youtu.be/8Gl6iy7OEM4?si=6Ee3vULNs5Y3_CEN,https://travel.state.gov/content/travel/en/international-travel/International-Travel-Country-Information-Pages/SolomonIslands.html
248,🇻🇺,Vanuatu,1006,Oceania,Melanesia,vu,UN country,Port Vila,301295,0,0,0,"","",0,https://youtu.be/DNBCoof4dNM?si=pL7-hsewg5V-3AyT,https://travel.state.gov/content/travel/en/international-travel/International-Travel-Country-Information-Pages/Vanuatu.html
249,🇹🇻,Tuvulu,1006,Oceania,Polynesia,vt,UN country,Funafuti,10679,0,0,0,"","",0,https://youtu.be/H8z8glfqsm0?si=pAu9G3EJXH3PUtvg,https://travel.state.gov/content/travel/en/international-travel/International-Travel-Country-Information-Pages/Tuvalu.html
250,🇳🇨🇫🇷,New Caledonia (FR),1006,Oceania,Melanesia,nc,De facto autonomy,Nouméa,268510,0,0,0,"","",0,https://youtu.be/dNRRZW_3bXo?si=BQtojx6td6POWOaN,https://travel.state.gov/content/travel/en/international-travel/International-Travel-Country-Information-Pages/NewCaledonia.html
251,🇳🇫🇦🇺🇦🇺,Norfolk Island (AU),1006,Oceania,South Pacific,nf,External subregion,Kingston,2188,0,0,0,"","",0,"https://youtu.be/9dqR1OoVP1Q?si=it1IvT8pIWy2rkgM, https://youtu.be/yrYnTgB3bn8?si=rBwtV4KIwt6nUdUz&t=708",""
252,🇫🇯,Fiji,1006,Oceania,Melanesia,fj,UN country,Suva,893468,0,0,0,"","",0,https://youtu.be/AFf22L5ZZN4?si=44e0YIguYTA5slrZ,https://travel.state.gov/content/travel/en/international-travel/International-Travel-Country-Information-Pages/Fiji.html
253,🇹🇴,Tonga,1006,Oceania,Polynesia,to,UN country,Nuku'alofa,100179,0,0,0,"","",0,https://youtu.be/6QrxqHiLPf8?si=OKtKWYoJte0O5uJS,https://travel.state.gov/content/travel/en/international-travel/International-Travel-Country-Information-Pages/Tonga.html
254,🇼🇫🇫🇷🇫🇷,Wallis and Futuna (FR),1006,Oceania,Polynesia,wf,External subregion,Mata Utu,11369,0,0,0,"","",0,https://youtu.be/k3gehQAqIRQ?si=W4WwOj1rpnthM9f4,https://www.gov.uk/foreign-travel-advice/wallis-and-futuna
255,🇹🇰🇳🇿🇳🇿,Tokelau (NZ),1006,Oceania,South Pacific,tk,External subregion,Fakaofo/Atafu/Nukunonu,1647,0,0,0,"","",0,https://youtu.be/2DYxKH2vrtg?si=3ar8wVMB7qbE3MX0,https://www.gov.uk/foreign-travel-advice/cook-islands-tokelau-and-niue
256,🇼🇸,Samoa,1006,Oceania,Polynesia,ws,UN country,Apia,205557,0,0,0,"","",0,https://youtu.be/vEt3jg2XTO4?si=TrrPmTm8U1WMM4qR,https://travel.state.gov/content/travel/en/international-travel/International-Travel-Country-Information-Pages/Samoa.html
257,🇦🇸🇺🇸🇺🇸,American Samoa (US),1006,Oceania,Polynesia,as,External subregion,Pago Pago,49710,0,0,0,"","",0,https://youtu.be/UMMabInRj2c?si=sZrj1f-bQI4YCcLj,""
258,🇳🇺🇳🇿,Niue (NZ),1006,Oceania,Polynesia,nu,De facto autonomy,Alofi,1689,0,0,0,"","",0,https://youtu.be/aiFCSX2x0dI?si=o0occoCLzCbdfDyz,https://www.gov.uk/foreign-travel-advice/cook-islands-tokelau-and-niue
259,🇨🇰🇳🇿,Cook Islands (NZ),1006,Oceania,Polynesia,ck,De facto autonomy,Avarua,15040,0,0,0,"","",0,https://youtu.be/1tXWDq1dpUs?si=R1JIvkyP747jN42V,https://www.gov.uk/foreign-travel-advice/cook-islands-tokelau-and-niue
260,🇵🇫🇫🇷,French Polynesia (FR),1006,Oceania,Polynesia,pf,De facto autonomy,Papeete,279890,0,0,0,"","",0,https://youtu.be/LMzH3zSCWBo?si=1QLWbBvciogohm-k,https://travel.state.gov/content/travel/en/international-travel/International-Travel-Country-Information-Pages/FrenchPolynesia.html
261,🇰🇮,Kiribati,1006,Oceania,Micronesia,ki,UN country,South Tarawa,120740,0,0,0,"","",0,https://youtu.be/ZtoZlLj8t1c?si=OckYyLrFwwDfGqat,https://travel.state.gov/content/travel/en/international-travel/International-Travel-Country-Information-Pages/Kiribati.html
262,🇵🇳🇬🇧🇬🇧,Pitcairn Islands (UK),1006,Oceania,South Pacific,pn,External subregion,Adamstown,47,0,0,0,"","",0,https://youtu.be/eqskNYG1N9g?si=1VrQb4lF0EZwPJ3d,https://www.gov.uk/foreign-travel-advice/pitcairn-island
263,🇦🇶🇦🇶🇦🇶,Antarctica (proper),1007,Antarctica,Mainland,aq,External subregion,(none),3200,0,0,0,"","",0,https://youtu.be/JYCrqkTKfBc?si=QegyQhOAk6lEuegw,"https://travel.state.gov/content/travel/en/international-travel/International-Travel-Country-Information-Pages/Antarctica.html, https://www.gov.uk/foreign-travel-advice/antarctica-british-antarctic-territory"
264,🇹🇫🇫🇷🇫🇷,French Southern & Antarctic Lands (FR),1007,Antarctica,Southern Ocean,tf,External subregion,Saint Pierre (RE),220,0,0,0,"","",0,https://youtu.be/QDbIwaHIiT0?si=umWoWV1ejLMKWUK_,""
265,🇬🇸🇬🇧🇬🇧,South Georgia and the South Sandwich Islands (UK),1007,Antarctica,Southern Ocean,gs,External subregion,King Edward Point,30,0,0,0,"","",0,https://youtu.be/IvzrNf9t0JY?si=Cn0Srqwjls7R6scy,https://www.gov.uk/foreign-travel-advice/south-georgia-and-south-sandwich-islands
266,🇦🇺🇦🇺🇦🇺,Heard Island and McDonald Islands (AU),1007,Antarctica,Southern Ocean,hm,External subregion,(none),0,0,0,0,"","",0,https://youtu.be/WVKK1jgI-TE?si=SDVr_VrB7EYVZvAn,""